Nr;Categorie;Bedrijf;Gemeente;Website;E-mail;Telefoon;Opmerking;Status
1;Bank/verzekering;Vitas Groep (KBC-verzekeringsagent);Sint-Niklaas;https://www.vitasgroep.be;vitas.groep@verz.kbc.be;03 766 58 58;Plezantstraat 74;
2;Bank/verzekering;VLH Verzekeringen (DVV);Dendermonde;https://www.vlhverzekeringen.be;vlhverzekeringen@dvv.be;052 21 57 20;Oude Vest 123; tweede kantoor in Zele;
3;Bank/verzekering;Bernard Dierick Verzekeringen (KBC);Gent;;kantoor.dierick@verz.kbc.be;09 233 67 02;Burgstraat 57; geen eigen website;
4;Bank/verzekering;Crelan Verhofstadt;Lokeren;;lokeren@crelan.be;09 339 08 08;Gentse Steenweg 8; zelfstandig agentschap;
5;Bank/verzekering;Crelan Ago-Advies;Oudenaarde;;oudenaarde.rondevanvlaanderenplein@crelan.be;055 33 06 56;Ronde van Vlaanderenplein 5;
6;Bank/verzekering;Crelan C & I Consult;Geraardsbergen;;geraardsbergen@crelan.be;054 42 24 88;Stationsplein 8;
7;Bank/verzekering;Crelan De Smet;Hofstade (Aalst);;hofstade.aalst@crelan.be;053 21 52 27;Zijpstraat 24;
8;Auto;Valckenier (Renault/Dacia/Kia);Aalst;https://www.valckenier.be;;053 71 14 18;Geen e-mail op de site; ook vestigingen in Ninove (054 33 23 65)/Zottegem/Gent/Lokeren;
9;Auto;Imacar (Peugeot/Citroën/Opel);Dendermonde;https://www.imacar.be;dendermonde@imacar.be;052 25 88 00;Groep; ook Sint-Niklaas (03 778 03 03);
10;Auto;Garage Willems Toyota;Lokeren;https://www.garage-willems-toyota.be;willemslokeren@garagewillems.net;09 348 32 91;Ook vestiging Hamme;
11;Auto;Groep Haeck (Kia/Renault/Dacia);Eeklo;https://www.groephaeck.be;info@groephaeck.be;09 377 03 70;Zeelaan 19a;
12;Auto;Garage De Pril (Peugeot/Citroën/Opel);Geraardsbergen;https://www.garagedepril.be;info@garagedepril.be;054 41 24 50;Familiebedrijf sinds 1955;
13;Auto;Garage Uyttendaele (Renault/Dacia);Oudenaarde;https://www.garageuyttendaele.be;info@garageuyttendaele.be;055 31 14 13;Ronseweg 48;
14;Auto;Groep Thoen (VW/Audi/Seat/Skoda);Zottegem;https://www.groepthoen.be;;09 345 42 40;Geen e-mail op de pagina's; contactformulier;
15;Winkel/bouw;Keukens De Abdij;Ninove;https://www.keukensdeabdij.be;info@keukensdeabdij.be;054 34 19 98;Familiebedrijf sinds 1980;
16;Winkel/bouw;Bakkerij Verleysen;Aalst;https://bakkerijverleysen.be;info@bakkerijverleysen.be;053 43 55 22;9 winkels; geen centraal nummer;
17;Winkel/bouw;Tuincentrum Van Eeckhaut;Oostakker (Gent);https://www.tuincentrumvaneeckhaut.be;info@bloemen.be;09 355 22 87;Mailadres-domein wijkt af van de site: controleer voor je mailt;
18;Winkel/bouw;Mesdagh Interieur;Zottegem;https://mesdagh.be;info@mesdagh.be;09 360 03 41;Hoogstraat 77;
19;Winkel/bouw;Tuincenter Vincent;Dendermonde;https://www.tuincenter-vincent.be;info@tuincenter-vincent.be;052 21 14 04;Dinsdag gesloten;
20;Winkel/bouw;De Beule nv (bouwbedrijf);Lokeren;https://debeulenv.be;info@debeulenv.be;0496 28 86 09;Gsm-nummer maar vermeld als bedrijfsnummer;
21;Winkel/bouw;DSM Keukens;Oudenaarde;https://www.dsmkeukens.be;oudenaarde@dsmkeukens.be;055 38 75 67;Filiaal Oudenaarde; keten met ~20 showrooms;
